Workbook

Sheet Instrucciones
A1: Sesión 4 · Modelos matemáticos de crecimiento
A3: Convención de colores
A4: Entrada | B4: Dato o supuesto: puede modificarse.
A5: Fórmula | B5: Cálculo: no sobrescribir con valores.
A6: Resultado | B6: Resultado clave del ejercicio.
A8: Pasos
A9: 1. | B9: En la hoja 'Datos', revise (o reemplace) las poblaciones y años de los dos censos.
A10: 2. | B10: En 'Tasas', siga el cálculo de la tasa de crecimiento con cada modelo y compárelas.
A11: 3. | B11: En 'Tasas', observe la estimación intercensal y el tiempo de duplicación.
A12: 4. | B12: En 'Proyeccion', cambie el año final y compare las trayectorias en el gráfico.
A13: 5. | B13: Pregunta: ¿por qué los tres modelos dan el mismo resultado en el segundo censo y divergen después?
A15: Los datos de esta plantilla son FICTICIOS y tienen fines didácticos. Reemplácelos por datos oficiales (ver datos/README.md).

Sheet Datos
A1: Datos de base (municipio ficticio)
A3: Concepto | B3: Valor
A4: Año del censo 1 | B4: 2005
A5: Población censo 1 | B5: 40000
A6: Año del censo 2 | B6: 2018
A7: Población censo 2 | B7: 48000
A9: Fuente: datos ficticios. Para el taller, use poblaciones censales DANE (CNPV 2005 y 2018) de un municipio.

Sheet Tasas
A1: Tasas de crecimiento entre censos
A3: Paso | B3: Valor | C3: Fórmula en palabras
A4: Años transcurridos (n) | B4: =Datos!B6-Datos!B4 -> 13 | C4: año 2 − año 1
A5: Razón P2 / P1 | B5: =Datos!B7/Datos!B5 -> 1.2 | C5: población final / inicial
A6: r aritmética | B6: =(B5-1)/B4 -> 0.015384615 | C6: (P2/P1 − 1) / n
A7: r geométrica | B7: =B5^(1/B4)-1 -> 0.014123543 | C7: (P2/P1)^(1/n) − 1
A8: r exponencial | B8: =LN(B5)/B4 -> 0.014024735 | C8: ln(P2/P1) / n
A10: Tiempo de duplicación (años)
A11: Aritmético | B11: =1/B6 -> 65 | C11: 1 / r
A12: Geométrico | B12: =LN(2)/LN(1+B7) -> 49.423192 | C12: ln 2 / ln(1+r)
A13: Exponencial | B13: =LN(2)/B8 -> 49.423192 | C13: ln 2 / r
A15: Estimación intercensal
A16: Año a estimar | B16: 2010
A17: Aritmético | B17: =Datos!B5*(1+B6*(B16-Datos!B4)) -> 43076.923
A18: Geométrico | B18: =Datos!B5*(1+B7)^(B16-Datos!B4) -> 42905.633
A19: Exponencial | B19: =Datos!B5*EXP(B8*(B16-Datos!B4)) -> 42905.633

Sheet Proyeccion
A1: Proyección con tres modelos
A2: Año base (censo 2): | B2: =Datos!B6 -> 2018
A4: Año | B4: t − año base | C4: Aritmético | D4: Geométrico | E4: Exponencial | F4: Dif. exp − arit
A5: =B2 -> 2018 | B5: =A5-$B$2 -> 0 | C5: =Datos!$B$7*(1+Tasas!$B$6*B5) -> 48000 | D5: =Datos!$B$7*(1+Tasas!$B$7)^B5 -> 48000 | E5: =Datos!$B$7*EXP(Tasas!$B$8*B5) -> 48000 | F5: =E5-C5 -> 0
A6: =A5+1 -> 2019 | B6: =A6-$B$2 -> 1 | C6: =Datos!$B$7*(1+Tasas!$B$6*B6) -> 48738.462 | D6: =Datos!$B$7*(1+Tasas!$B$7)^B6 -> 48677.93 | E6: =Datos!$B$7*EXP(Tasas!$B$8*B6) -> 48677.93 | F6: =E6-C6 -> -60.531469
A7: =A6+1 -> 2020 | B7: =A7-$B$2 -> 2 | C7: =Datos!$B$7*(1+Tasas!$B$6*B7) -> 49476.923 | D7: =Datos!$B$7*(1+Tasas!$B$7)^B7 -> 49365.435 | E7: =Datos!$B$7*EXP(Tasas!$B$8*B7) -> 49365.435 | F7: =E7-C7 -> -111.48816
A8: =A7+1 -> 2021 | B8: =A8-$B$2 -> 3 | C8: =Datos!$B$7*(1+Tasas!$B$6*B8) -> 50215.385 | D8: =Datos!$B$7*(1+Tasas!$B$7)^B8 -> 50062.65 | E8: =Datos!$B$7*EXP(Tasas!$B$8*B8) -> 50062.65 | F8: =E8-C8 -> -152.73485
A9: =A8+1 -> 2022 | B9: =A9-$B$2 -> 4 | C9: =Datos!$B$7*(1+Tasas!$B$6*B9) -> 50953.846 | D9: =Datos!$B$7*(1+Tasas!$B$7)^B9 -> 50769.712 | E9: =Datos!$B$7*EXP(Tasas!$B$8*B9) -> 50769.712 | F9: =E9-C9 -> -184.1344
A10: =A9+1 -> 2023 | B10: =A10-$B$2 -> 5 | C10: =Datos!$B$7*(1+Tasas!$B$6*B10) -> 51692.308 | D10: =Datos!$B$7*(1+Tasas!$B$7)^B10 -> 51486.76 | E10: =Datos!$B$7*EXP(Tasas!$B$8*B10) -> 51486.76 | F10: =E10-C10 -> -205.54773
A11: =A10+1 -> 2024 | B11: =A11-$B$2 -> 6 | C11: =Datos!$B$7*(1+Tasas!$B$6*B11) -> 52430.769 | D11: =Datos!$B$7*(1+Tasas!$B$7)^B11 -> 52213.935 | E11: =Datos!$B$7*EXP(Tasas!$B$8*B11) -> 52213.935 | F11: =E11-C11 -> -216.83379
A12: =A11+1 -> 2025 | B12: =A12-$B$2 -> 7 | C12: =Datos!$B$7*(1+Tasas!$B$6*B12) -> 53169.231 | D12: =Datos!$B$7*(1+Tasas!$B$7)^B12 -> 52951.381 | E12: =Datos!$B$7*EXP(Tasas!$B$8*B12) -> 52951.381 | F12: =E12-C12 -> -217.84956
A13: =A12+1 -> 2026 | B13: =A13-$B$2 -> 8 | C13: =Datos!$B$7*(1+Tasas!$B$6*B13) -> 53907.692 | D13: =Datos!$B$7*(1+Tasas!$B$7)^B13 -> 53699.242 | E13: =Datos!$B$7*EXP(Tasas!$B$8*B13) -> 53699.242 | F13: =E13-C13 -> -208.44998
A14: =A13+1 -> 2027 | B14: =A14-$B$2 -> 9 | C14: =Datos!$B$7*(1+Tasas!$B$6*B14) -> 54646.154 | D14: =Datos!$B$7*(1+Tasas!$B$7)^B14 -> 54457.666 | E14: =Datos!$B$7*EXP(Tasas!$B$8*B14) -> 54457.666 | F14: =E14-C14 -> -188.48796
A15: =A14+1 -> 2028 | B15: =A15-$B$2 -> 10 | C15: =Datos!$B$7*(1+Tasas!$B$6*B15) -> 55384.615 | D15: =Datos!$B$7*(1+Tasas!$B$7)^B15 -> 55226.801 | E15: =Datos!$B$7*EXP(Tasas!$B$8*B15) -> 55226.801 | F15: =E15-C15 -> -157.8143
A16: =A15+1 -> 2029 | B16: =A16-$B$2 -> 11 | C16: =Datos!$B$7*(1+Tasas!$B$6*B16) -> 56123.077 | D16: =Datos!$B$7*(1+Tasas!$B$7)^B16 -> 56006.799 | E16: =Datos!$B$7*EXP(Tasas!$B$8*B16) -> 56006.799 | F16: =E16-C16 -> -116.27774
A17: =A16+1 -> 2030 | B17: =A17-$B$2 -> 12 | C17: =Datos!$B$7*(1+Tasas!$B$6*B17) -> 56861.538 | D17: =Datos!$B$7*(1+Tasas!$B$7)^B17 -> 56797.814 | E17: =Datos!$B$7*EXP(Tasas!$B$8*B17) -> 56797.814 | F17: =E17-C17 -> -63.724831
... A37: =A36+1 -> 2050 | B37: =A37-$B$2 -> 32 | C37: =Datos!$B$7*(1+Tasas!$B$6*B37) -> 71630.769 | D37: =Datos!$B$7*(1+Tasas!$B$7)^B37 -> 75188.067 | E37: =Datos!$B$7*EXP(Tasas!$B$8*B37) -> 75188.067 | F37: =E37-C37 -> 3557.2978
