Workbook

Sheet Instrucciones
A1: Sesión 6 · Tabla de vida abreviada (mujeres)
A3: Convención de colores
A4: Entrada | B4: Dato o supuesto: puede modificarse.
A5: Fórmula | B5: Cálculo: no sobrescribir con valores.
A6: Resultado | B6: Resultado clave del ejercicio.
A8: Pasos
A9: 1. | B9: En 'TablaVida', las columnas C y D son entradas: población a mitad de periodo y defunciones por edad.
A10: 2. | B10: Siga las columnas de izquierda a derecha: nMx → nax → nqx → lx → ndx → nLx → Tx → ex.
A11: 3. | B11: Lea el comentario de cada encabezado: explica la fórmula.
A12: 4. | B12: Revise la esperanza de vida al nacer (celda resaltada) y cambie algunas defunciones para ver su efecto.
A13: 5. | B13: En 'Supervivencia', los nLx se agrupan en quinquenios y se calculan las relaciones de supervivencia que usa la sesión 11.
A15: Los datos de esta plantilla son FICTICIOS y tienen fines didácticos. Reemplácelos por datos oficiales (ver datos/README.md).

Sheet TablaVida
A1: Tabla de vida abreviada · mujeres · población ficticia
A2: Raíz l0: | B2: 100000
A4: Edad | B4: x | C4: n | D4: Población nNx | E4: Defunciones nDx | F4: nMx | G4: nax | H4: nqx | I4: lx | J4: ndx | K4: nLx | L4: Tx | M4: ex
A5: 0 | B5: 0 | C5: 1 | D5: 7600 | E5: 91 | F5: =E5/D5 -> 0.011973684 | G5: =IF(F5>=0.107,0.35,0.053+2.8*F5) -> 0.086526316 | H5: =C5*F5/(1+(C5-G5)*F5) -> 0.011844137 | I5: =$B$2 -> 100000 | J5: =I5*H5 -> 1184.4137 | K5: =C5*I6+G5*J5 -> 98918.069 | L5: =SUM(K5:K$23) -> 7573788.9 | M5: =L5/I5 -> 75.737889
A6: 1-4 | B6: 1 | C6: 4 | D6: 30400 | E6: 18 | F6: =E6/D6 -> 0.00059210526 | G6: =IF(F5>=0.107,1.361,1.522-1.518*F5) -> 1.5038239 | H6: =C6*F6/(1+(C6-G6)*F6) -> 0.0023649257 | I6: =I5*(1-H5) -> 98815.586 | J6: =I6*H6 -> 233.69152 | K6: =C6*I7+G6*J6 -> 394679.01 | L6: =SUM(K6:K$23) -> 7474870.8 | M6: =L6/I6 -> 75.644654
A7: 5-9 | B7: 5 | C7: 5 | D7: 39000 | E7: 8 | F7: =E7/D7 -> 0.00020512821 | G7: =C7/2 -> 2.5 | H7: =C7*F7/(1+(C7-G7)*F7) -> 0.0010251153 | I7: =I6*(1-H6) -> 98581.895 | J7: =I7*H7 -> 101.05781 | K7: =C7*I8+G7*J7 -> 492656.83 | L7: =SUM(K7:K$23) -> 7080191.8 | M7: =L7/I7 -> 71.820407
A8: 10-14 | B8: 10 | C8: 5 | D8: 40000 | E8: 10 | F8: =E8/D8 -> 0.00025 | G8: =C8/2 -> 2.5 | H8: =C8*F8/(1+(C8-G8)*F8) -> 0.0012492192 | I8: =I7*(1-H7) -> 98480.837 | J8: =I8*H8 -> 123.02416 | K8: =C8*I9+G8*J8 -> 492096.62 | L8: =SUM(K8:K$23) -> 6587535 | M8: =L8/I8 -> 66.891541
A9: 15-19 | B9: 15 | C9: 5 | D9: 42000 | E9: 25 | F9: =E9/D9 -> 0.0005952381 | G9: =C9/2 -> 2.5 | H9: =C9*F9/(1+(C9-G9)*F9) -> 0.0029717682 | I9: =I8*(1-H8) -> 98357.813 | J9: =I9*H9 -> 292.29662 | K9: =C9*I10+G9*J9 -> 491058.32 | L9: =SUM(K9:K$23) -> 6095438.4 | M9: =L9/I9 -> 61.972081
A10: 20-24 | B10: 20 | C10: 5 | D10: 43000 | E10: 34 | F10: =E10/D10 -> 0.00079069767 | G10: =C10/2 -> 2.5 | H10: =C10*F10/(1+(C10-G10)*F10) -> 0.0039456888 | I10: =I9*(1-H9) -> 98065.516 | J10: =I10*H10 -> 386.936 | K10: =C10*I11+G10*J10 -> 489360.24 | L10: =SUM(K10:K$23) -> 5604380 | M10: =L10/I10 -> 57.149345
A11: 25-29 | B11: 25 | C11: 5 | D11: 41000 | E11: 37 | F11: =E11/D11 -> 0.00090243902 | G11: =C11/2 -> 2.5 | H11: =C11*F11/(1+(C11-G11)*F11) -> 0.0045020381 | I11: =I10*(1-H10) -> 97678.58 | J11: =I11*H11 -> 439.75269 | K11: =C11*I12+G11*J11 -> 487293.52 | L11: =SUM(K11:K$23) -> 5115019.8 | M11: =L11/I11 -> 52.365829
A12: 30-34 | B12: 30 | C12: 5 | D12: 38000 | E12: 42 | F12: =E12/D12 -> 0.0011052632 | G12: =C12/2 -> 2.5 | H12: =C12*F12/(1+(C12-G12)*F12) -> 0.0055110878 | I12: =I11*(1-H11) -> 97238.827 | J12: =I12*H12 -> 535.89171 | K12: =C12*I13+G12*J12 -> 484854.41 | L12: =SUM(K12:K$23) -> 4627726.3 | M12: =L12/I12 -> 47.591342
A13: 35-39 | B13: 35 | C13: 5 | D13: 35000 | E13: 52 | F13: =E13/D13 -> 0.0014857143 | G13: =C13/2 -> 2.5 | H13: =C13*F13/(1+(C13-G13)*F13) -> 0.0074010817 | I13: =I12*(1-H12) -> 96702.936 | J13: =I13*H13 -> 715.70633 | K13: =C13*I14+G13*J13 -> 481725.41 | L13: =SUM(K13:K$23) -> 4142871.9 | M13: =L13/I13 -> 42.841221
A14: 40-44 | B14: 40 | C14: 5 | D14: 32000 | E14: 70 | F14: =E14/D14 -> 0.0021875 | G14: =C14/2 -> 2.5 | H14: =C14*F14/(1+(C14-G14)*F14) -> 0.010878011 | I14: =I13*(1-H13) -> 95987.229 | J14: =I14*H14 -> 1044.1501 | K14: =C14*I15+G14*J14 -> 477325.77 | L14: =SUM(K14:K$23) -> 3661146.5 | M14: =L14/I14 -> 38.142016
A15: 45-49 | B15: 45 | C15: 5 | D15: 30000 | E15: 102 | F15: =E15/D15 -> 0.0034 | G15: =C15/2 -> 2.5 | H15: =C15*F15/(1+(C15-G15)*F15) -> 0.016856718 | I15: =I14*(1-H14) -> 94943.079 | J15: =I15*H15 -> 1600.4287 | K15: =C15*I16+G15*J15 -> 470714.32 | L15: =SUM(K15:K$23) -> 3183820.7 | M15: =L15/I15 -> 33.533994
A16: 50-54 | B16: 50 | C16: 5 | D16: 28000 | E16: 146 | F16: =E16/D16 -> 0.0052142857 | G16: =C16/2 -> 2.5 | H16: =C16*F16/(1+(C16-G16)*F16) -> 0.025735942 | I16: =I15*(1-H15) -> 93342.651 | J16: =I16*H16 -> 2402.2611 | K16: =C16*I17+G16*J16 -> 460707.6 | L16: =SUM(K16:K$23) -> 2713106.4 | M16: =L16/I16 -> 29.066095
A17: 55-59 | B17: 55 | C17: 5 | D17: 25000 | E17: 200 | F17: =E17/D17 -> 0.008 | G17: =C17/2 -> 2.5 | H17: =C17*F17/(1+(C17-G17)*F17) -> 0.039215686 | I17: =I16*(1-H16) -> 90940.39 | J17: =I17*H17 -> 3566.2898 | K17: =C17*I18+G17*J17 -> 445786.22 | L17: =SUM(K17:K$23) -> 2252398.8 | M17: =L17/I17 -> 24.767859
A18: 60-64 | B18: 60 | C18: 5 | D18: 21000 | E18: 262 | F18: =E18/D18 -> 0.01247619 | G18: =C18/2 -> 2.5 | H18: =C18*F18/(1+(C18-G18)*F18) -> 0.060494112 | I18: =I17*(1-H17) -> 87374.1 | J18: =I18*H18 -> 5285.6186 | K18: =C18*I19+G18*J18 -> 423656.45 | L18: =SUM(K18:K$23) -> 1806612.5 | M18: =L18/I18 -> 20.676751
... A22: 80-84 | B22: 80 | C22: 5 | D22: 5500 | E22: 495 | F22: =E22/D22 -> 0.09 | G22: =C22/2 -> 2.5 | H22: =C22*F22/(1+(C22-G22)*F22) -> 0.36734694 | I22: =I21*(1-H21) -> 47716.897 | J22: =I22*H22 -> 17528.656 | K22: =C22*I23+G22*J22 -> 194762.85 | L22: =SUM(K22:K$23) -> 372340.73 | M22: =L22/I22 -> 7.8031212
A23: 85+ | B23: 85 | C23: — | D23: 4500 | E23: 765 | F23: =E23/D23 -> 0.17 | G23: =1/F23 -> 5.8823529 | H23: 1 | I23: =I22*(1-H22) -> 30188.241 | J23: =I23*H23 -> 30188.241 | K23: =I23/F23 -> 177577.89 | L23: =SUM(K23:K$23) -> 177577.89 | M23: =L23/I23 -> 5.8823529
A25: Esperanza de vida al nacer (e0): | D25: =M5 -> 75.737889
A26: Fuente: datos ficticios. Para el taller: población DANE (proyecciones) y defunciones de Estadísticas Vitales del mismo año y unidad territorial.

Sheet Supervivencia
A1: Relaciones de supervivencia quinquenales (insumo de la sesión 11)
A3: Grupo | B3: 5Lx | C3: Sx = 5L(x+5) / 5Lx | D3: Nota
A4: 0-4 | B4: =TablaVida!K5+TablaVida!K6 -> 493597.08 | C4: =B5/B4 -> 0.99809511 | D4: De 0-4 a 5-9
A5: 5-9 | B5: =TablaVida!K7 -> 492656.83 | C5: =B6/B5 -> 0.99886289 | D5: De 5-9 a 10-14
A6: 10-14 | B6: =TablaVida!K8 -> 492096.62 | C6: =B7/B6 -> 0.99789004 | D6: De 10-14 a 15-19
A7: 15-19 | B7: =TablaVida!K9 -> 491058.32 | C7: =B8/B7 -> 0.996542 | D7: De 15-19 a 20-24
A8: 20-24 | B8: =TablaVida!K10 -> 489360.24 | C8: =B9/B8 -> 0.99577669 | D8: De 20-24 a 25-29
A9: 25-29 | B9: =TablaVida!K11 -> 487293.52 | C9: =B10/B9 -> 0.99499458 | D9: De 25-29 a 30-34
A10: 30-34 | B10: =TablaVida!K12 -> 484854.41 | C10: =B11/B10 -> 0.99354653 | D10: De 30-34 a 35-39
A11: 35-39 | B11: =TablaVida!K13 -> 481725.41 | C11: =B12/B11 -> 0.99086691 | D11: De 35-39 a 40-44
A12: 40-44 | B12: =TablaVida!K14 -> 477325.77 | C12: =B13/B12 -> 0.98614898 | D12: De 40-44 a 45-49
A13: 45-49 | B13: =TablaVida!K15 -> 470714.32 | C13: =B14/B13 -> 0.97874141 | D13: De 45-49 a 50-54
A14: 50-54 | B14: =TablaVida!K16 -> 460707.6 | C14: =B15/B14 -> 0.96761204 | D14: De 50-54 a 55-59
A15: 55-59 | B15: =TablaVida!K17 -> 445786.22 | C15: =B16/B15 -> 0.95035789 | D15: De 55-59 a 60-64
A16: 60-64 | B16: =TablaVida!K18 -> 423656.45 | C16: =B17/B16 -> 0.92267574 | D16: De 60-64 a 65-69
... A19: 75-79 | B19: =TablaVida!K21 -> 276666.87 | C19: =B20/B19 -> 0.70396158 | D19: De 75-79 a 80-84
A20: 80-84 | B20: =TablaVida!K22 -> 194762.85 | C20: =B21/(B20+B21) -> 0.47692308 | D20: Grupo abierto: (80-84 y 85+) → 85+ = L85+ / (L80 + L85+)
A21: 85+ | B21: =TablaVida!K23 -> 177577.89
A24: Supervivencia de nacimientos a 0-4: | C24: =B4/(5*TablaVida!B2) -> 0.98719416 | D24: 5L0 / (5 · l0)
