Workbook

Sheet Instrucciones
A1: Sesión 11 · Método de componentes por cohortes (población cerrada)
A3: Convención de colores
A4: Entrada | B4: Dato o supuesto: puede modificarse.
A5: Fórmula | B5: Cálculo: no sobrescribir con valores.
A6: Resultado | B6: Resultado clave del ejercicio.
A8: Pasos
A9: 1. | B9: En 'Supuestos' están la población base 2020 por sexo y edad, los 5Lx de mujeres y hombres, las tasas de fecundidad y el índice de masculinidad al nacer.
A10: 2. | B10: Los 5Lx de mujeres provienen de la hoja 'Supervivencia' de 06_tabla_de_vida.xlsx; los de hombres, de una tabla análoga.
A11: 3. | B11: En 'Proyeccion', cada columna es un quinquenio. Siga el orden: (1) sobrevivir cohortes 5-9 a 80-84, (2) grupo abierto 85+, (3) nacimientos, (4) grupo 0-4.
A12: 4. | B12: El bloque 'Nacimientos' usa el promedio de mujeres en edad fértil al inicio y al final del periodo.
A13: 5. | B13: En 'Resultados' compare totales, indicadores y la pirámide 2020 vs. 2040.
A14: 6. | B14: Ejercicio: cambie la TGF bajando las tasas específicas y observe el efecto en 0-4 y en la razón de dependencia.
A15: 7. | B15: La sesión 12 agrega migración y supuestos que cambian en el tiempo.
A17: Los datos de esta plantilla son FICTICIOS y tienen fines didácticos. Reemplácelos por datos oficiales (ver datos/README.md).

Sheet Supuestos
A1: Supuestos y datos de base (departamento ficticio)
A2: Año base: | B2: 2020 | D2: l0 de las tablas de vida: | F2: 100000
A4: Grupo | B4: Mujeres base | C4: Hombres base | D4: 5Lx mujeres | E4: 5Lx hombres | F4: Sx mujeres | G4: Sx hombres
A5: 0-4 | B5: 38000 | C5: 39900 | D5: 493597.1 | E5: 492346.5 | F5: =D6/D5 -> 0.99809501 | G5: =E6/E5 -> 0.99770284
A6: 5-9 | B6: 39000 | C6: 40950 | D6: 492656.8 | E6: 491215.5 | F6: =D7/D6 -> 0.9988629 | G6: =E7/E6 -> 0.99847623
A7: 10-14 | B7: 40000 | C7: 41600 | D7: 492096.6 | E7: 490467 | F7: =D8/D7 -> 0.99789005 | G7: =E8/E7 -> 0.99524351
A8: 15-19 | B8: 42000 | C8: 43260 | D8: 491058.3 | E8: 488134.1 | F8: =D9/D8 -> 0.99654196 | G8: =E9/E8 -> 0.99015906
A9: 20-24 | B9: 43000 | C9: 43000 | D9: 489360.2 | E9: 483330.4 | F9: =D10/D9 -> 0.99577673 | G9: =E10/E9 -> 0.98821903
A10: 25-29 | B10: 41000 | C10: 39770 | D10: 487293.5 | E10: 477636.3 | F10: =D11/D10 -> 0.9949946 | G10: =E11/E10 -> 0.98844162
A11: 30-34 | B11: 38000 | C11: 36100 | D11: 484854.4 | E11: 472115.6 | F11: =D12/D11 -> 0.99354652 | G11: =E12/E11 -> 0.98755898
A12: 35-39 | B12: 35000 | C12: 32900 | D12: 481725.4 | E12: 466242 | F12: =D13/D12 -> 0.990867 | G12: =E13/E12 -> 0.98458569
A13: 40-44 | B13: 32000 | C13: 30080 | D13: 477325.8 | E13: 459055.2 | F13: =D14/D13 -> 0.98614887 | G13: =E14/E13 -> 0.9787213
A14: 45-49 | B14: 30000 | C14: 27900 | D14: 470714.3 | E14: 449287.1 | F14: =D15/D14 -> 0.97874146 | G14: =E15/E14 -> 0.96898464
A15: 50-54 | B15: 28000 | C15: 25760 | D15: 460707.6 | E15: 435352.3 | F15: =D16/D15 -> 0.967612 | G15: =E16/E15 -> 0.95442611
A16: 55-59 | B16: 25000 | C16: 22750 | D16: 445786.2 | E16: 415511.6 | F16: =D17/D16 -> 0.95035804 | G16: =E17/E16 -> 0.93265363
... A20: 75-79 | B20: 8500 | C20: 6800 | D20: 276666.9 | E20: 227419.3 | F20: =D21/D20 -> 0.70396133 | G20: =E21/E20 -> 0.66335663
A21: 80-84 | B21: 5500 | C21: 4180 | D21: 194762.8 | E21: 150860.1 | F21: =D22/(D21+D22) -> 0.47692315 | G21: =E22/(E21+E22) -> 0.44220734
A22: 85+ | B22: 4500 | C22: 3150 | D22: 177577.9 | E22: 119599
A23: Total | B23: =SUM(B5:B22) -> 498500 | C23: =SUM(C5:C22) -> 480790
A24: Supervivencia nacimientos → 0-4 | F24: =D5/(5*$F$2) -> 0.9871942 | G24: =E5/(5*$F$2) -> 0.984693
A26: Fecundidad
A27: Grupo | B27: Tasa específica (por mujer)
A28: 15-19 | B28: 0.065
A29: 20-24 | B29: 0.105
A30: 25-29 | B30: 0.095
A31: 30-34 | B31: 0.07
A32: 35-39 | B32: 0.04
A33: 40-44 | B33: 0.012
A34: 45-49 | B34: 0.002
A35: TGF | B35: =5*SUM(B28:B34) -> 1.945
A36: Índice de masculinidad al nacer | B36: 1.05
A37: Proporción de nacimientos femeninos | B37: =1/(1+B36) -> 0.48780488
A39: Fuente: datos ficticios. Supuestos constantes en todo el horizonte (simplificación de la sesión 11).

Sheet Proyeccion
A1: Proyección por componentes · población cerrada
A3: MUJERES | H3: HOMBRES
A4: Grupo | B4: =Supuestos!$B$2 -> 2020 | C4: =B4+5 -> 2025 | D4: =C4+5 -> 2030 | E4: =D4+5 -> 2035 | F4: =E4+5 -> 2040 | H4: Grupo | I4: =Supuestos!$B$2 -> 2020 | J4: =I4+5 -> 2025 | K4: =J4+5 -> 2030 | L4: =K4+5 -> 2035 | M4: =L4+5 -> 2040
A5: 0-4 | B5: =Supuestos!B5 -> 38000 | C5: =B35*Supuestos!$F$24 -> 37978.222 | D5: =C35*Supuestos!$F$24 -> 38146.4 | E5: =D35*Supuestos!$F$24 -> 37589.515 | F5: =E35*Supuestos!$F$24 -> 36725.109 | H5: 0-4 | I5: =Supuestos!C5 -> 39900 | J5: =B36*Supuestos!$G$24 -> 39776.098 | K5: =C36*Supuestos!$G$24 -> 39952.238 | L5: =D36*Supuestos!$G$24 -> 39368.99 | M5: =E36*Supuestos!$G$24 -> 38463.663
A6: 5-9 | B6: =Supuestos!B6 -> 39000 | C6: =B5*Supuestos!$F$5 -> 37927.61 | D6: =C5*Supuestos!$F$5 -> 37905.873 | E6: =D5*Supuestos!$F$5 -> 38073.731 | F6: =E5*Supuestos!$F$5 -> 37517.907 | H6: 5-9 | I6: =Supuestos!C6 -> 40950 | J6: =I5*Supuestos!$G$5 -> 39808.343 | K6: =J5*Supuestos!$G$5 -> 39684.726 | L6: =K5*Supuestos!$G$5 -> 39860.461 | M6: =L5*Supuestos!$G$5 -> 39278.553
A7: 10-14 | B7: =Supuestos!B7 -> 40000 | C7: =B6*Supuestos!$F$6 -> 38955.653 | D7: =C6*Supuestos!$F$6 -> 37884.483 | E7: =D6*Supuestos!$F$6 -> 37862.771 | F7: =E6*Supuestos!$F$6 -> 38030.437 | H7: 10-14 | I7: =Supuestos!C7 -> 41600 | J7: =I6*Supuestos!$G$6 -> 40887.602 | K7: =J6*Supuestos!$G$6 -> 39747.684 | L7: =K6*Supuestos!$G$6 -> 39624.256 | M7: =L6*Supuestos!$G$6 -> 39799.723
A8: 15-19 | B8: =Supuestos!B8 -> 42000 | C8: =B7*Supuestos!$F$7 -> 39915.602 | D8: =C7*Supuestos!$F$7 -> 38873.459 | E8: =D7*Supuestos!$F$7 -> 37804.548 | F8: =E7*Supuestos!$F$7 -> 37782.882 | H8: 15-19 | I8: =Supuestos!C8 -> 43260 | J8: =I7*Supuestos!$G$7 -> 41402.13 | K8: =J7*Supuestos!$G$7 -> 40693.12 | L8: =K7*Supuestos!$G$7 -> 39558.625 | M8: =L7*Supuestos!$G$7 -> 39435.783
A9: 20-24 | B9: =Supuestos!B9 -> 43000 | C9: =B8*Supuestos!$F$8 -> 41854.762 | D9: =C8*Supuestos!$F$8 -> 39777.572 | E9: =D8*Supuestos!$F$8 -> 38739.033 | F9: =E8*Supuestos!$F$8 -> 37673.819 | H9: 20-24 | I9: =Supuestos!C9 -> 43000 | J9: =I8*Supuestos!$G$8 -> 42834.281 | K9: =J8*Supuestos!$G$8 -> 40994.694 | L9: =K8*Supuestos!$G$8 -> 40292.662 | M9: =L8*Supuestos!$G$8 -> 39169.331
A10: 25-29 | B10: =Supuestos!B10 -> 41000 | C10: =B9*Supuestos!$F$9 -> 42818.399 | D10: =C9*Supuestos!$F$9 -> 41677.998 | E10: =D9*Supuestos!$F$9 -> 39609.581 | F10: =E9*Supuestos!$F$9 -> 38575.427 | H10: 25-29 | I10: =Supuestos!C10 -> 39770 | J10: =I9*Supuestos!$G$9 -> 42493.418 | K10: =J9*Supuestos!$G$9 -> 42329.651 | L10: =K9*Supuestos!$G$9 -> 40511.737 | M10: =L9*Supuestos!$G$9 -> 39817.975
A11: 30-34 | B11: =Supuestos!B11 -> 38000 | C11: =B10*Supuestos!$F$10 -> 40794.779 | D11: =C10*Supuestos!$F$10 -> 42604.076 | E11: =D10*Supuestos!$F$10 -> 41469.383 | F11: =E10*Supuestos!$F$10 -> 39411.319 | H11: 30-34 | I11: =Supuestos!C11 -> 36100 | J11: =I10*Supuestos!$G$10 -> 39310.323 | K11: =J10*Supuestos!$G$10 -> 42002.263 | L11: =K10*Supuestos!$G$10 -> 41840.389 | M11: =L10*Supuestos!$G$10 -> 40043.487
A12: 35-39 | B12: =Supuestos!B12 -> 35000 | C12: =B11*Supuestos!$F$11 -> 37754.768 | D12: =C11*Supuestos!$F$11 -> 40531.51 | E12: =D11*Supuestos!$F$11 -> 42329.131 | F12: =E11*Supuestos!$F$11 -> 41201.761 | H12: 35-39 | I12: =Supuestos!C12 -> 32900 | J12: =I11*Supuestos!$G$11 -> 35650.879 | K12: =J11*Supuestos!$G$11 -> 38821.263 | L12: =K11*Supuestos!$G$11 -> 41479.712 | M12: =L11*Supuestos!$G$11 -> 41319.852
A13: 40-44 | B13: =Supuestos!B13 -> 32000 | C13: =B12*Supuestos!$F$12 -> 34680.345 | D13: =C12*Supuestos!$F$12 -> 37409.953 | E13: =D12*Supuestos!$F$12 -> 40161.336 | F13: =E12*Supuestos!$F$12 -> 41942.539 | H13: 40-44 | I13: =Supuestos!C13 -> 30080 | J13: =I12*Supuestos!$G$12 -> 32392.869 | K13: =J12*Supuestos!$G$12 -> 35101.345 | L13: =K12*Supuestos!$G$12 -> 38222.86 | M13: =L12*Supuestos!$G$12 -> 40840.331
A14: 45-49 | B14: =Supuestos!B14 -> 30000 | C14: =B13*Supuestos!$F$13 -> 31556.764 | D14: =C13*Supuestos!$F$13 -> 34199.983 | E14: =D13*Supuestos!$F$13 -> 36891.783 | F14: =E13*Supuestos!$F$13 -> 39605.056 | H14: 45-49 | I14: =Supuestos!C14 -> 27900 | J14: =I13*Supuestos!$G$13 -> 29439.937 | K14: =J13*Supuestos!$G$13 -> 31703.591 | L14: =K13*Supuestos!$G$13 -> 34354.434 | M14: =L13*Supuestos!$G$13 -> 37409.527
A15: 50-54 | B15: =Supuestos!B15 -> 28000 | C15: =B14*Supuestos!$F$14 -> 29362.244 | D15: =C14*Supuestos!$F$14 -> 30885.913 | E15: =D14*Supuestos!$F$14 -> 33472.941 | F15: =E14*Supuestos!$F$14 -> 36107.518 | H15: 50-54 | I15: =Supuestos!C15 -> 25760 | J15: =I14*Supuestos!$G$14 -> 27034.672 | K15: =J14*Supuestos!$G$14 -> 28526.846 | L15: =K14*Supuestos!$G$14 -> 30720.293 | M15: =L14*Supuestos!$G$14 -> 33288.919
A16: 55-59 | B16: =Supuestos!B16 -> 25000 | C16: =B15*Supuestos!$F$15 -> 27093.136 | D16: =C15*Supuestos!$F$15 -> 28411.259 | E16: =D15*Supuestos!$F$15 -> 29885.58 | F16: =E15*Supuestos!$F$15 -> 32388.819 | H16: 55-59 | I16: =Supuestos!C16 -> 22750 | J16: =I15*Supuestos!$G$15 -> 24586.016 | K16: =J15*Supuestos!$G$15 -> 25802.596 | L16: =K15*Supuestos!$G$15 -> 27226.767 | M16: =L15*Supuestos!$G$15 -> 29320.249
A17: 60-64 | B17: =Supuestos!B17 -> 21000 | C17: =B16*Supuestos!$F$16 -> 23758.951 | D17: =C16*Supuestos!$F$16 -> 25748.18 | E17: =D16*Supuestos!$F$16 -> 27000.869 | F17: =E16*Supuestos!$F$16 -> 28402.001 | H17: 60-64 | I17: =Supuestos!C17 -> 18690 | J17: =I16*Supuestos!$G$16 -> 21217.87 | K17: =J16*Supuestos!$G$16 -> 22930.237 | L17: =K16*Supuestos!$G$16 -> 24064.885 | M17: =L16*Supuestos!$G$16 -> 25393.143
A18: 65-69 | B18: =Supuestos!B18 -> 16000 | C18: =B17*Supuestos!$F$17 -> 19376.187 | D18: =C17*Supuestos!$F$17 -> 21921.804 | E18: =D17*Supuestos!$F$17 -> 23757.216 | F18: =E17*Supuestos!$F$17 -> 24913.042 | H18: 65-69 | I18: =Supuestos!C18 -> 13920 | J18: =I17*Supuestos!$G$17 -> 16808.935 | K18: =J17*Supuestos!$G$17 -> 19082.386 | L18: =K17*Supuestos!$G$17 -> 20622.412 | M18: =L17*Supuestos!$G$17 -> 21642.862
A19: 70-74 | B19: =Supuestos!B19 -> 12000 | C19: =B18*Supuestos!$F$18 -> 14041.569 | D19: =C18*Supuestos!$F$18 -> 17004.505 | E19: =D18*Supuestos!$F$18 -> 19238.533 | F19: =E18*Supuestos!$F$18 -> 20849.287 | H19: 70-74 | I19: =Supuestos!C19 -> 10080 | J19: =I18*Supuestos!$G$18 -> 11798.483 | K19: =J18*Supuestos!$G$18 -> 14247.122 | L19: =K18*Supuestos!$G$18 -> 16174.081 | M19: =L18*Supuestos!$G$18 -> 17479.395
A20: 75-79 | B20: =Supuestos!B20 -> 8500 | C20: =B19*Supuestos!$F$19 -> 9677.8723 | D20: =C19*Supuestos!$F$19 -> 11324.376 | E20: =D19*Supuestos!$F$19 -> 13713.952 | F20: =E19*Supuestos!$F$19 -> 15515.672 | H20: 75-79 | I20: =Supuestos!C20 -> 6800 | J20: =I19*Supuestos!$G$19 -> 7760.085 | K20: =J19*Supuestos!$G$19 -> 9083.0587 | L20: =K19*Supuestos!$G$19 -> 10968.143 | M20: =L19*Supuestos!$G$19 -> 12451.612
A21: 80-84 | B21: =Supuestos!B21 -> 5500 | C21: =B20*Supuestos!$F$20 -> 5983.6713 | D21: =C20*Supuestos!$F$20 -> 6812.8479 | E21: =D20*Supuestos!$F$20 -> 7971.9231 | F21: =E20*Supuestos!$F$20 -> 9654.0919 | H21: 80-84 | I21: =Supuestos!C21 -> 4180 | J21: =I20*Supuestos!$G$20 -> 4510.8251 | K21: =J20*Supuestos!$G$20 -> 5147.7038 | L21: =K20*Supuestos!$G$20 -> 6025.3072 | M21: =L20*Supuestos!$G$20 -> 7275.79
A22: 85+ | B22: =Supuestos!B22 -> 4500 | C22: =(B21+B22)*Supuestos!$F$21 -> 4769.2315 | D22: =(C21+C22)*Supuestos!$F$21 -> 5128.3083 | E22: =(D21+D22)*Supuestos!$F$21 -> 5695.0138 | F22: =(E21+E22)*Supuestos!$F$21 -> 6518.0786 | H22: 85+ | I22: =Supuestos!C22 -> 3150 | J22: =(I21+I22)*Supuestos!$G$21 -> 3241.3798 | K22: =(J21+J22)*Supuestos!$G$21 -> 3428.0819 | L22: =(K21+K22)*Supuestos!$G$21 -> 3792.2754 | M22: =(L21+L22)*Supuestos!$G$21 -> 4341.4071
A23: Total | B23: =SUM(B5:B22) -> 498500 | C23: =SUM(C5:C22) -> 518299.77 | D23: =SUM(D5:D22) -> 536248.5 | E23: =SUM(E5:E22) -> 551266.84 | F23: =SUM(F5:F22) -> 562814.77 | H23: Total | I23: =SUM(I5:I22) -> 480790 | J23: =SUM(J5:J22) -> 500954.15 | K23: =SUM(K5:K22) -> 519278.61 | L23: =SUM(L5:L22) -> 534708.29 | M23: =SUM(M5:M22) -> 546771.6
A25: NACIMIENTOS DEL PERIODO
A26: Grupo | B26: =TEXT(B4-5,"0")&"-"&TEXT(B4,"0") -> 2015-2020 | C26: =TEXT(C4-5,"0")&"-"&TEXT(C4,"0") -> 2020-2025 | D26: =TEXT(D4-5,"0")&"-"&TEXT(D4,"0") -> 2025-2030 | E26: =TEXT(E4-5,"0")&"-"&TEXT(E4,"0") -> 2030-2035
A27: 15-19 | B27: =5*Supuestos!$B$28*(B8+C8)/2 -> 13311.285 | C27: =5*Supuestos!$B$28*(C8+D8)/2 -> 12803.222 | D27: =5*Supuestos!$B$28*(D8+E8)/2 -> 12460.176 | E27: =5*Supuestos!$B$28*(E8+F8)/2 -> 12282.957
A28: 20-24 | B28: =5*Supuestos!$B$29*(B9+C9)/2 -> 22274.375 | C28: =5*Supuestos!$B$29*(C9+D9)/2 -> 21428.488 | D28: =5*Supuestos!$B$29*(D9+E9)/2 -> 20610.609 | E28: =5*Supuestos!$B$29*(E9+F9)/2 -> 20058.373
A29: 25-29 | B29: =5*Supuestos!$B$30*(B10+C10)/2 -> 19906.87 | C29: =5*Supuestos!$B$30*(C10+D10)/2 -> 20067.894 | D29: =5*Supuestos!$B$30*(D10+E10)/2 -> 19305.8 | E29: =5*Supuestos!$B$30*(E10+F10)/2 -> 18568.939
A30: 30-34 | B30: =5*Supuestos!$B$31*(B11+C11)/2 -> 13789.086 | C30: =5*Supuestos!$B$31*(C11+D11)/2 -> 14594.8 | D30: =5*Supuestos!$B$31*(D11+E11)/2 -> 14712.855 | E30: =5*Supuestos!$B$31*(E11+F11)/2 -> 14154.123
A31: 35-39 | B31: =5*Supuestos!$B$32*(B12+C12)/2 -> 7275.4768 | C31: =5*Supuestos!$B$32*(C12+D12)/2 -> 7828.6278 | D31: =5*Supuestos!$B$32*(D12+E12)/2 -> 8286.0641 | E31: =5*Supuestos!$B$32*(E12+F12)/2 -> 8353.0893
A32: 40-44 | B32: =5*Supuestos!$B$33*(B13+C13)/2 -> 2000.4103 | C32: =5*Supuestos!$B$33*(C13+D13)/2 -> 2162.7089 | D32: =5*Supuestos!$B$33*(D13+E13)/2 -> 2327.1387 | E32: =5*Supuestos!$B$33*(E13+F13)/2 -> 2463.1162
A33: 45-49 | B33: =5*Supuestos!$B$34*(B14+C14)/2 -> 307.78382 | C33: =5*Supuestos!$B$34*(C14+D14)/2 -> 328.78373 | D33: =5*Supuestos!$B$34*(D14+E14)/2 -> 355.45883 | E33: =5*Supuestos!$B$34*(E14+F14)/2 -> 382.4842
A34: Total nacimientos | B34: =SUM(B27:B33) -> 78865.287 | C34: =SUM(C27:C33) -> 79214.525 | D34: =SUM(D27:D33) -> 78058.102 | E34: =SUM(E27:E33) -> 76263.083
A35: Nacimientos femeninos | B35: =B34*Supuestos!$B$37 -> 38470.872 | C35: =C34*Supuestos!$B$37 -> 38641.231 | D35: =D34*Supuestos!$B$37 -> 38077.123 | E35: =E34*Supuestos!$B$37 -> 37201.504
A36: Nacimientos masculinos | B36: =B34-B35 -> 40394.416 | C36: =C34-C35 -> 40573.293 | D36: =D34-D35 -> 39980.979 | E36: =E34-E35 -> 39061.579
A38: Columna 2025 = nacimientos 2020-2025, etc. Mujeres fértiles: promedio entre inicio y fin del periodo.

Sheet Resultados
A1: Resultados e indicadores
A3: Indicador | B3: =Proyeccion!B4 -> 2020 | C3: =Proyeccion!C4 -> 2025 | D3: =Proyeccion!D4 -> 2030 | E3: =Proyeccion!E4 -> 2035 | F3: =Proyeccion!F4 -> 2040
A4: Población total | B4: =Proyeccion!B23+Proyeccion!I23 -> 979290 | C4: =Proyeccion!C23+Proyeccion!J23 -> 1019253.9 | D4: =Proyeccion!D23+Proyeccion!K23 -> 1055527.1 | E4: =Proyeccion!E23+Proyeccion!L23 -> 1085975.1 | F4: =Proyeccion!F23+Proyeccion!M23 -> 1109586.4
A5: Mujeres | B5: =Proyeccion!B23 -> 498500 | C5: =Proyeccion!C23 -> 518299.77 | D5: =Proyeccion!D23 -> 536248.5 | E5: =Proyeccion!E23 -> 551266.84 | F5: =Proyeccion!F23 -> 562814.77
A6: Hombres | B6: =Proyeccion!I23 -> 480790 | C6: =Proyeccion!J23 -> 500954.15 | D6: =Proyeccion!K23 -> 519278.61 | E6: =Proyeccion!L23 -> 534708.29 | F6: =Proyeccion!M23 -> 546771.6
A7: Índice de masculinidad (H por 100 M) | B7: =B6/B5*100 -> 96.447342 | C7: =C6/C5*100 -> 96.653362 | D7: =D6/D5*100 -> 96.835443 | E7: =E6/E5*100 -> 96.996273 | F7: =F6/F5*100 -> 97.149477
A8: Población 0-14 | B8: =SUM(Proyeccion!B5:B7)+SUM(Proyeccion!I5:I7) -> 239450 | C8: =SUM(Proyeccion!C5:C7)+SUM(Proyeccion!J5:J7) -> 235333.53 | D8: =SUM(Proyeccion!D5:D7)+SUM(Proyeccion!K5:K7) -> 233321.4 | E8: =SUM(Proyeccion!E5:E7)+SUM(Proyeccion!L5:L7) -> 232379.72 | F8: =SUM(Proyeccion!F5:F7)+SUM(Proyeccion!M5:M7) -> 229815.39
A9: Población 15-64 | B9: =SUM(Proyeccion!B8:B17)+SUM(Proyeccion!I8:I17) -> 655210 | C9: =SUM(Proyeccion!C8:C17)+SUM(Proyeccion!J8:J17) -> 685952.14 | D9: =SUM(Proyeccion!D8:D17)+SUM(Proyeccion!K8:K17) -> 709025.51 | E9: =SUM(Proyeccion!E8:E17)+SUM(Proyeccion!L8:L17) -> 725636.55 | F9: =SUM(Proyeccion!F8:F17)+SUM(Proyeccion!M8:M17) -> 739129.74
A10: Población 65+ | B10: =SUM(Proyeccion!B18:B22)+SUM(Proyeccion!I18:I22) -> 84630 | C10: =SUM(Proyeccion!C18:C22)+SUM(Proyeccion!J18:J22) -> 97968.239 | D10: =SUM(Proyeccion!D18:D22)+SUM(Proyeccion!K18:K22) -> 113180.19 | E10: =SUM(Proyeccion!E18:E22)+SUM(Proyeccion!L18:L22) -> 127958.86 | F10: =SUM(Proyeccion!F18:F22)+SUM(Proyeccion!M18:M22) -> 140641.24
A11: Razón de dependencia total (%) | B11: =(B8+B10)/B9*100 -> 49.462005 | C11: =(C8+C10)/C9*100 -> 48.589653 | D11: =(D8+D10)/D9*100 -> 48.870117 | E11: =(E8+E10)/E9*100 -> 49.658273 | F11: =(F8+F10)/F9*100 -> 50.12065
A12: Índice de envejecimiento (65+ / 0-14 × 100) | B12: =B10/B8*100 -> 35.343496 | C12: =C10/C8*100 -> 41.629529 | D12: =D10/D8*100 -> 48.508277 | E12: =E10/E8*100 -> 55.064553 | F12: =F10/F8*100 -> 61.197484
A13: Crecimiento exponencial quinquenal (% anual) | B13: — | C13: =LN(C4/B4)/5 -> 0.0079996721 | D13: =LN(D4/C4)/5 -> 0.006993874 | E13: =LN(E4/D4)/5 -> 0.0056876094 | F13: =LN(F4/E4)/5 -> 0.0043017973
A16: Datos para la pirámide (% de la población total)
A17: Grupo | B17: Hombres 2020 | C17: Mujeres 2020 | D17: Hombres 2040 | E17: Mujeres 2040
A18: 0-4 | B18: =-Proyeccion!I5/$B$4 -> -0.040743804 | C18: =Proyeccion!B5/$B$4 -> 0.038803623 | D18: =-Proyeccion!M5/$F$4 -> -0.034664867 | E18: =Proyeccion!F5/$F$4 -> 0.033098017
A19: 5-9 | B19: =-Proyeccion!I6/$B$4 -> -0.04181601 | C19: =Proyeccion!B6/$B$4 -> 0.039824771 | D19: =-Proyeccion!M6/$F$4 -> -0.035399275 | E19: =Proyeccion!F6/$F$4 -> 0.033812516
A20: 10-14 | B20: =-Proyeccion!I7/$B$4 -> -0.042479756 | C20: =Proyeccion!B7/$B$4 -> 0.040845919 | D20: =-Proyeccion!M7/$F$4 -> -0.035868972 | E20: =Proyeccion!F7/$F$4 -> 0.034274427
A21: 15-19 | B21: =-Proyeccion!I8/$B$4 -> -0.044174861 | C21: =Proyeccion!B8/$B$4 -> 0.042888215 | D21: =-Proyeccion!M8/$F$4 -> -0.035540977 | E21: =Proyeccion!F8/$F$4 -> 0.034051321
A22: 20-24 | B22: =-Proyeccion!I9/$B$4 -> -0.043909363 | C22: =Proyeccion!B9/$B$4 -> 0.043909363 | D22: =-Proyeccion!M9/$F$4 -> -0.03530084 | E22: =Proyeccion!F9/$F$4 -> 0.033953029
A23: 25-29 | B23: =-Proyeccion!I10/$B$4 -> -0.040611055 | C23: =Proyeccion!B10/$B$4 -> 0.041867067 | D23: =-Proyeccion!M10/$F$4 -> -0.035885422 | E23: =Proyeccion!F10/$F$4 -> 0.034765592
A24: 30-34 | B24: =-Proyeccion!I11/$B$4 -> -0.036863442 | C24: =Proyeccion!B11/$B$4 -> 0.038803623 | D24: =-Proyeccion!M11/$F$4 -> -0.036088662 | E24: =Proyeccion!F11/$F$4 -> 0.035518928
A25: 35-39 | B25: =-Proyeccion!I12/$B$4 -> -0.033595768 | C25: =Proyeccion!B12/$B$4 -> 0.035740179 | D25: =-Proyeccion!M12/$F$4 -> -0.037238969 | E25: =Proyeccion!F12/$F$4 -> 0.037132541
A26: 40-44 | B26: =-Proyeccion!I13/$B$4 -> -0.030716131 | C26: =Proyeccion!B13/$B$4 -> 0.032676735 | D26: =-Proyeccion!M13/$F$4 -> -0.036806807 | E26: =Proyeccion!F13/$F$4 -> 0.037800157
A27: 45-49 | B27: =-Proyeccion!I14/$B$4 -> -0.028490028 | C27: =Proyeccion!B14/$B$4 -> 0.030634439 | D27: =-Proyeccion!M14/$F$4 -> -0.03371484 | E27: =Proyeccion!F14/$F$4 -> 0.035693531
A28: 50-54 | B28: =-Proyeccion!I15/$B$4 -> -0.026304772 | C28: =Proyeccion!B15/$B$4 -> 0.028592143 | D28: =-Proyeccion!M15/$F$4 -> -0.030001197 | E28: =Proyeccion!F15/$F$4 -> 0.032541421
A29: 55-59 | B29: =-Proyeccion!I16/$B$4 -> -0.023231116 | C29: =Proyeccion!B16/$B$4 -> 0.025528699 | D29: =-Proyeccion!M16/$F$4 -> -0.026424486 | E29: =Proyeccion!F16/$F$4 -> 0.029189994
... A35: 85+ | B35: =-Proyeccion!I22/$B$4 -> -0.0032166161 | C35: =Proyeccion!B22/$B$4 -> 0.0045951659 | D35: =-Proyeccion!M22/$F$4 -> -0.0039126356 | E35: =Proyeccion!F22/$F$4 -> 0.0058743319
A37: Los hombres se muestran negativos para dibujar la pirámide; el formato oculta el signo.
